Config,N Donors,Pre-MSPE,Avg Gap 2016-19 (per 1000),Avg Gap 2016-19 (%),Avg Gap Full (per 1000),Avg Gap Full (%),MSPE Ratio,P-value
"Ages 75-84, Total",43,3.2829102229587955e-07,2.2606649121302627,4.253645210943099,3.2449562306623805,5.942724452514004,82.40338263483252,0.09523809523809523
"Ages 75-84, Male",43,4.655487871814113e-07,3.4890856228445912,4.971474650958766,3.2338229926605484,4.403906762233825,91.29342829003997,0.047619047619047616
"Ages 65-84, Total",43,2.1470475309917387e-07,1.122916722830016,3.4783005055562026,1.6286272829136803,4.968184736155773,33.43391144036225,0.23809523809523808
"Ages 65-84, Male",43,3.8012206288598985e-07,1.2819447117984364,3.0140585390441794,1.9275042188025444,4.414840526000421,32.22099747949352,0.2857142857142857
