{
  "true_coef": 0.060360800774999106,
  "perm_pval_1s": 0.2222222222222222,
  "n_total": 9,
  "placebo_coefs": [
    -0.014840992219876097,
    0.017939523638108697,
    -0.13025385116877658,
    0.0012911935700219805,
    -0.03577374813234413,
    0.06761680415452065,
    0.03368727831625545,
    -2.7008932957078152e-05
  ]
}