spec,coef,se,pval,n,stars
"Pooled (all ages, all cohorts)",0.06113384312451427,0.029161491597757275,0.03604765813949468,5913,**
