Config,N Donors,Pre-MSPE,Avg Gap (per 1000),Avg Gap (%),MSPE Ratio,P-value
"Ages 75-84, Total",43,3.2834450743407207e-07,2.2522064123526655,4.237656294940505,43.69847768895977,0.047619047619047616
"Ages 75-84, Male",43,4.6556196416877547e-07,3.4869186267097936,4.968383466848507,58.684774512555926,0.047619047619047616
"Ages 65-84, Total",43,2.1416389499580687e-07,1.0924735975285658,3.385395715429517,28.749732661617145,0.14285714285714285
"Ages 65-84, Male",43,3.801288046559978e-07,1.2821181268583959,3.0144647320144973,26.019784270419244,0.14285714285714285
